Name,Pos,GP,Cap Hit,Length,Start Year
,,,,,
Auston Matthews,C,67.0,13250000.0,4.0,2024-25
Nathan MacKinnon,C,79.0,12600000.0,8.0,2023-24
Connor McDavid,C,67.0,12500000.0,8.0,2018-19
Artemi Panarin,L,80.0,11642857.0,7.0,2019-20
Elias Pettersson,C,64.0,11600000.0,8.0,2024-25
Erik Karlsson,D,82.0,11500000.0,8.0,2019-20
William Nylander,C,82.0,11500000.0,8.0,2024-25
David Pastrnak,R,82.0,11250000.0,8.0,2023-24
Drew Doughty,D,30.0,11000000.0,8.0,2019-20
John Tavares,C,75.0,11000000.0,7.0,2018-19
Rasmus Dahlin,D,73.0,11000000.0,8.0,2024-25
Mitchell Marner,R,81.0,10903000.0,6.0,2019-20
Jonathan Huberdeau,L,81.0,10500000.0,8.0,2023-24
Aleksander Barkov,C,67.0,10000000.0,8.0,2022-23
Jack Eichel,C,77.0,10000000.0,8.0,2018-19
Tyler Seguin,C,20.0,9850000.0,8.0,2019-20
Sebastian Aho,C,79.0,9750000.0,8.0,2024-25
Zach Werenski,D,81.0,9583333.0,6.0,2022-23
Alex Ovechkin,L,65.0,9500000.0,5.0,2021-22
Jamie Benn,L,80.0,9500000.0,8.0,2017-18
Mark Stone,R,66.0,9500000.0,8.0,2019-20
Nikita Kucherov,R,78.0,9500000.0,8.0,2019-20
Seth Jones,D,63.0,9500000.0,8.0,2022-23
Brayden Point,C,77.0,9500000.0,8.0,2022-23
Matthew Tkachuk,L,52.0,9500000.0,8.0,2022-23
Charlie McAvoy,D,50.0,9500000.0,8.0,2022-23
Adam Fox,D,74.0,9500000.0,7.0,2022-23
Darnell Nurse,D,76.0,9250000.0,8.0,2022-23
Mikko Rantanen,C,82.0,9250000.0,6.0,2019-20
Nicklas Backstrom,C,0.0,9200000.0,5.0,2020-21
Mathew Barzal,C,30.0,9150000.0,8.0,2023-24
Roman Josi,D,53.0,9059000.0,8.0,2020-21
Dougie Hamilton,D,64.0,9000000.0,7.0,2021-22
Jake Guentzel,L,80.0,9000000.0,7.0,2024-25
Kirill Kaprizov,L,41.0,9000000.0,5.0,2021-22
Cale Makar,D,80.0,9000000.0,6.0,2021-22
Alex Pietrangelo,D,71.0,8800000.0,7.0,2020-21
Timo Meier,R,80.0,8800000.0,8.0,2023-24
Sidney Crosby,C,80.0,8700000.0,12.0,2013-14
Dylan Larkin,C,82.0,8700000.0,8.0,2023-24
Patrik Laine,L,52.0,8700000.0,4.0,2022-23
Sam Reinhart,C,79.0,8625000.0,8.0,2024-25
Moritz Seider,D,82.0,8550000.0,7.0,2024-25
Mika Zibanejad,C,82.0,8500000.0,8.0,2022-23
Mark Scheifele,C,82.0,8500000.0,7.0,2024-25
Filip Forsberg,C,82.0,8500000.0,8.0,2022-23
Bo Horvat,C,81.0,8500000.0,8.0,2023-24
Leon Draisaitl,C,71.0,8500000.0,8.0,2017-18
Pierre-Luc Dubois,C,82.0,8500000.0,8.0,2023-24
Mikhail Sergachev,D,77.0,8500000.0,8.0,2023-24
Roope Hintz,C,76.0,8450000.0,8.0,2023-24
Miro Heiskanen,D,50.0,8450000.0,8.0,2021-22
Tim Stutzle,L,82.0,8350000.0,8.0,2023-24
Owen Power,D,79.0,8350000.0,7.0,2024-25
Brady Tkachuk,L,72.0,8205714.0,7.0,2021-22
Tomas Hertl,C,73.0,8137500.0,8.0,2022-23
Jordan Kyrou,C,82.0,8125000.0,8.0,2023-24
Robert Thomas,C,70.0,8125000.0,8.0,2023-24
Lucas Raymond,R,82.0,8075000.0,8.0,2024-25
Jake Sanderson,D,80.0,8050000.0,8.0,2024-25
Jack Hughes,C,62.0,8000000.0,8.0,2022-23
Brent Burns,D,82.0,8000000.0,8.0,2017-18
Steven Stamkos,C,82.0,8000000.0,4.0,2024-25
Logan Couture,C,0.0,8000000.0,8.0,2019-20
John Carlson,D,79.0,8000000.0,8.0,2018-19
J.T. Miller,C,72.0,8000000.0,7.0,2023-24
Jacob Trouba,D,77.0,8000000.0,7.0,2019-20
Thomas Chabot,D,80.0,8000000.0,8.0,2020-21
Joshua Norris,C,56.0,7950000.0,8.0,2022-23
Victor Hedman,D,79.0,7875000.0,8.0,2017-18
Kevin Fiala,C,81.0,7875000.0,7.0,2022-23
Alex Debrincat,L,82.0,7875000.0,4.0,2023-24
Jesper Bratt,L,81.0,7875000.0,8.0,2023-24
Nick Suzuki,C,82.0,7875000.0,8.0,2022-23
Shea Weber,D,0.0,7857143.0,14.0,2012-13
Quinn Hughes,D,68.0,7850000.0,6.0,2021-22
Cole Caufield,L,82.0,7850000.0,8.0,2023-24
Jason Robertson,L,82.0,7750000.0,4.0,2022-23
Andrei Svechnikov,R,72.0,7750000.0,8.0,2021-22
Dmitry Orlov,D,76.0,7750000.0,2.0,2023-24
Sean Couturier,C,79.0,7750000.0,8.0,2022-23
Elias Lindholm,C,82.0,7750000.0,7.0,2024-25
Jared Spurgeon,D,66.0,7575000.0,7.0,2020-21
Morgan Rielly,D,82.0,7500000.0,8.0,2022-23
Aaron Ekblad,D,56.0,7500000.0,8.0,2017-18
Seth Jarvis,C,73.0,7420087.0,8.0,2024-25
Noah Hanifin,D,80.0,7350000.0,8.0,2024-25
Vince Dunn,D,62.0,7350000.0,4.0,2023-24
Devon Toews,D,76.0,7250000.0,7.0,2024-25
Filip Hronek,D,61.0,7250000.0,8.0,2024-25
Nico Hischier,C,75.0,7250000.0,7.0,2020-21
Clayton Keller,R,81.0,7150000.0,8.0,2020-21
Kevin Hayes,C,64.0,7142857.0,7.0,2019-20
Brandon Montour,D,81.0,7142857.0,7.0,2024-25
Kyle Connor,L,82.0,7142857.0,7.0,2019-20
Tage Thompson,C,76.0,7142857.0,7.0,2023-24
Matthew Beniers,C,82.0,7142857.0,7.0,2024-25
Dylan Cozens,C,82.0,7100000.0,7.0,2023-24
Matt Boldy,L,82.0,7000000.0,7.0,2023-24
Anze Kopitar,C,81.0,7000000.0,2.0,2024-25
Nazem Kadri,C,82.0,7000000.0,7.0,2022-23
Anders Lee,L,82.0,7000000.0,7.0,2019-20
Gabriel Landeskog,L,0.0,7000000.0,8.0,2021-22
Brady Skjei,D,82.0,7000000.0,7.0,2024-25
Troy Terry,C,77.0,7000000.0,7.0,2023-24
Ryan McDonagh,D,82.0,6750000.0,7.0,2019-20
Ivan Provorov,D,82.0,6750000.0,6.0,2019-20
Brock Boeser,R,75.0,6650000.0,3.0,2022-23
Claude Giroux,C,81.0,6500000.0,3.0,2022-23
Brayden Schenn,C,82.0,6500000.0,8.0,2020-21
Chris Kreider,L,68.0,6500000.0,7.0,2020-21
Cam Fowler,D,68.0,6500000.0,8.0,2018-19
Justin Faulk,D,78.0,6500000.0,7.0,2020-21
Brendan Gallagher,R,82.0,6500000.0,6.0,2021-22
Torey Krug,D,0.0,6500000.0,7.0,2020-21
Hampus Lindholm,D,17.0,6500000.0,8.0,2022-23
Tom Wilson,R,81.0,6500000.0,7.0,2024-25
Colton Parayko,D,64.0,6500000.0,8.0,2022-23
Brandon Hagel,L,82.0,6500000.0,8.0,2024-25
Martin Necas,C,79.0,6500000.0,2.0,2024-25
Jeff Petry,D,44.0,6250000.0,4.0,2021-22
Ryan Ellis,D,0.0,6250000.0,8.0,2019-20
Mattias Ekholm,D,65.0,6250000.0,4.0,2022-23
Alex Killorn,L,82.0,6250000.0,4.0,2023-24
Damon Severson,D,70.0,6250000.0,8.0,2023-24
Chandler Stephenson,C,78.0,6250000.0,7.0,2024-25
MacKenzie Weegar,D,81.0,6250000.0,8.0,2023-24
Josh Morrissey,D,80.0,6250000.0,8.0,2020-21
Travis Sanheim,D,82.0,6250000.0,8.0,2023-24
Anthony Cirelli,C,80.0,6250000.0,8.0,2023-24
Quinton Byfield,C,81.0,6250000.0,5.0,2024-25
Owen Tippett,R,77.0,6200000.0,8.0,2024-25
Ryan Pulock,D,74.0,6150000.0,8.0,2022-23
Brad Marchand,C,71.0,6125000.0,8.0,2017-18
Valeri Nichushkin,R,43.0,6125000.0,8.0,2022-23
Evgeni Malkin,C,68.0,6100000.0,4.0,2022-23
Kris Letang,D,74.0,6100000.0,6.0,2022-23
Taylor Hall,L,77.0,6000000.0,4.0,2021-22
Brock Nelson,C,80.0,6000000.0,6.0,2019-20
Tyler Toffoli,C,78.0,6000000.0,4.0,2024-25
Jonas Brodin,D,50.0,6000000.0,7.0,2021-22
Ondrej Palat,L,77.0,6000000.0,5.0,2022-23
Nikolaj Ehlers,L,69.0,6000000.0,7.0,2018-19
Sean Durzi,D,30.0,6000000.0,4.0,2024-25
William Karlsson,C,53.0,5900000.0,8.0,2019-20
Vladislav Gavrikov,D,82.0,5875000.0,2.0,2023-24
Neal Pionk,D,69.0,5875000.0,4.0,2021-22
Nick Schmaltz,C,82.0,5850000.0,7.0,2019-20
Esa Lindell,D,80.0,5800000.0,6.0,2019-20
Pavel Buchnevich,C,76.0,5800000.0,4.0,2021-22
Andrew Mangiapane,C,81.0,5800000.0,3.0,2022-23
T.J. Oshie,R,0.0,5750000.0,8.0,2017-18
Adam Pelech,D,60.0,5750000.0,8.0,2021-22
Gustav Forsling,D,80.0,5750000.0,8.0,2024-25
Matt Roy,D,69.0,5750000.0,6.0,2024-25
Casey Mittelstadt,C,81.0,5750000.0,3.0,2024-25
Trevor Zegras,C,57.0,5750000.0,3.0,2023-24
Vincent Trocheck,C,82.0,5625000.0,7.0,2022-23
Andrew Copp,C,56.0,5625000.0,5.0,2022-23
Jaden Schwartz,L,81.0,5500000.0,5.0,2021-22
Zach Hyman,C,73.0,5500000.0,7.0,2021-22
Phillip Danault,C,80.0,5500000.0,6.0,2021-22
Jonathan Marchessault,L,78.0,5500000.0,5.0,2024-25
Josh Anderson,R,81.0,5500000.0,7.0,2020-21
Sean Monahan,C,54.0,5500000.0,5.0,2024-25
Andre Burakovsky,L,79.0,5500000.0,5.0,2022-23
Tyler Bertuzzi,L,82.0,5500000.0,4.0,2024-25
Brett Pesce,D,72.0,5500000.0,6.0,2024-25
Adrian Kempe,C,81.0,5500000.0,4.0,2022-23
Jake DeBrusk,L,82.0,5500000.0,7.0,2024-25
Travis Konecny,R,82.0,5500000.0,6.0,2019-20
Andrei Kuzmenko,L,66.0,5500000.0,2.0,2023-24
Teuvo Teravainen,C,82.0,5400000.0,3.0,2024-25
Oliver Bjorkstrand,R,79.0,5400000.0,5.0,2021-22
Jaccob Slavin,D,80.0,5300000.0,7.0,2018-19
Charlie Coyle,C,83.0,5250000.0,6.0,2020-21
Joel Eriksson Ek,C,46.0,5250000.0,8.0,2021-22
Shea Theodore,D,67.0,5200000.0,7.0,2018-19
Erik Cernak,D,76.0,5200000.0,8.0,2023-24
Yanni Gourde,C,57.0,5166667.0,6.0,2019-20
Evander Kane,L,0.0,5125000.0,4.0,2022-23
Bryan Rust,R,71.0,5125000.0,6.0,2022-23
Ryan Nugent-Hopkins,C,78.0,5125000.0,8.0,2021-22
Rasmus Ristolainen,D,63.0,5100000.0,5.0,2022-23
J.T. Compher,C,76.0,5100000.0,5.0,2023-24
Kyle Palmieri,R,82.0,5000000.0,4.0,2021-22
Reilly Smith,R,79.0,5000000.0,3.0,2022-23
Mikael Granlund,C,83.0,5000000.0,4.0,2021-22
Jason Zucker,L,73.0,5000000.0,1.0,2024-25
Ryan Strome,C,82.0,5000000.0,5.0,2022-23
Rickard Rakell,C,81.0,5000000.0,6.0,2022-23
Jean-Gabriel Pageau,C,79.0,5000000.0,6.0,2020-21
Ivan Barbashev,C,70.0,5000000.0,5.0,2023-24
Alexander Wennberg,C,77.0,5000000.0,2.0,2024-25
Nikita Zadorov,D,81.0,5000000.0,6.0,2024-25
Jared McCann,C,82.0,5000000.0,5.0,2022-23
Dylan Strome,C,82.0,5000000.0,5.0,2023-24
Samuel Girard,D,73.0,5000000.0,7.0,2020-21
Joel Farabee,L,81.0,5000000.0,6.0,2022-23
Anton Lundell,C,79.0,5000000.0,6.0,2024-25
Drake Batherson,R,82.0,4975000.0,6.0,2021-22
Conor Garland,R,81.0,4950000.0,5.0,2021-22
Blake Coleman,L,82.0,4900000.0,6.0,2021-22
Dylan Demelo,D,82.0,4900000.0,4.0,2024-25
Mike Matheson,D,80.0,4875000.0,8.0,2018-19
Jesperi Kotkaniemi,C,78.0,4820000.0,8.0,2022-23
Ilya Mikheyev,R,80.0,4750000.0,4.0,2022-23
Jordan Eberle,R,42.0,4750000.0,2.0,2024-25
Ben Chiarot,D,81.0,4750000.0,4.0,2022-23
Vladimir Tarasenko,R,80.0,4750000.0,2.0,2024-25
Alex Tuch,R,82.0,4750000.0,7.0,2019-20
Pavel Zacha,C,82.0,4750000.0,4.0,2023-24
Jamie Oleksiak,D,82.0,4600000.0,5.0,2021-22
Jakob Chychrun,D,74.0,4600000.0,6.0,2019-20
Rasmus Sandin,D,82.0,4600000.0,5.0,2024-25
Alex Vlasic,D,82.0,4600000.0,6.0,2024-25
Artyom Zub,D,56.0,4600000.0,4.0,2023-24
Philip Broberg,D,68.0,4580917.0,2.0,2024-25
Rasmus Andersson,D,81.0,4550000.0,6.0,2020-21
Nick Foligno,L,78.0,4500000.0,2.0,2024-25
Mikael Backlund,C,76.0,4500000.0,2.0,2024-25
Ryan O'Reilly,C,79.0,4500000.0,4.0,2023-24
Christopher Tanev,D,75.0,4500000.0,6.0,2024-25
Josh Manson,D,48.0,4500000.0,4.0,2022-23
Ryan Graves,D,61.0,4500000.0,6.0,2023-24
Artturi Lehkonen,L,69.0,4500000.0,5.0,2022-23
Michael Bunting,L,76.0,4500000.0,3.0,2023-24
Mason Marchment,L,62.0,4500000.0,4.0,2022-23
Ryan Lindgren,D,72.0,4500000.0,1.0,2024-25
Christian Dvorak,C,82.0,4450000.0,6.0,2019-20
Filip Chytil,C,56.0,4437500.0,4.0,2023-24
Sam Bennett,C,76.0,4425000.0,4.0,2021-22
Connor Murphy,D,68.0,4400000.0,4.0,2022-23
John Marino,D,35.0,4400000.0,6.0,2021-22
Lawson Crouse,L,81.0,4300000.0,5.0,2022-23
Mattias Samuelsson,D,62.0,4285714.0,7.0,2023-24
Jason Dickinson,C,59.0,4250000.0,2.0,2024-25
Trevor Moore,C,71.0,4200000.0,5.0,2023-24
Carter Verhaeghe,C,81.0,4166667.0,3.0,2022-23
Mats Zuccarello,R,69.0,4125000.0,2.0,2024-25
Mikey Anderson,D,77.0,4125000.0,8.0,2023-24
Brandon Carlo,D,83.0,4100000.0,6.0,2021-22
Nick Jensen,D,71.0,4050000.0,3.0,2023-24
Marcus Pettersson,D,78.0,4025175.0,5.0,2020-21
Patrick Kane,R,72.0,4000000.0,1.0,2024-25
David Perron,L,43.0,4000000.0,2.0,2024-25
Alec Martinez,D,44.0,4000000.0,1.0,2024-25
Nick Leddy,D,31.0,4000000.0,4.0,2022-23
Marcus Foligno,L,77.0,4000000.0,4.0,2024-25
Erik Gudbranson,D,16.0,4000000.0,4.0,2022-23
Nino Niederreiter,R,82.0,4000000.0,3.0,2024-25
Radko Gudas,D,81.0,4000000.0,3.0,2023-24
Brenden Dillon,D,82.0,4000000.0,3.0,2024-25
Adam Larsson,D,82.0,4000000.0,4.0,2021-22
Jake McCabe,D,66.0,4000000.0,4.0,2021-22
Ryan Hartman,R,69.0,4000000.0,3.0,2024-25
Robby Fabbri,C,44.0,4000000.0,3.0,2022-23
Viktor Arvidsson,L,67.0,4000000.0,2.0,2024-25
Ross Colton,C,61.0,4000000.0,4.0,2023-24
Alex Iafallo,L,82.0,4000000.0,4.0,2021-22
Noah Dobson,D,71.0,4000000.0,3.0,2022-23
Thomas Harley,D,78.0,4000000.0,2.0,2024-25
Dawson Mercer,C,82.0,4000000.0,3.0,2024-25
Evan Bouchard,D,82.0,3900000.0,2.0,2023-24
K'Andre Miller,D,74.0,3872000.0,2.0,2023-24
Kirill Marchenko,R,79.0,3850000.0,3.0,2024-25
Bowen Byram,D,82.0,3850000.0,2.0,2023-24
Joel Edmundson,D,73.0,3850000.0,4.0,2024-25
Boone Jenner,C,26.0,3750000.0,4.0,2022-23
Matt Dumba,D,63.0,3750000.0,2.0,2024-25
Max Domi,C,74.0,3750000.0,4.0,2024-25
Alexandre Carrier,D,79.0,3750000.0,3.0,2024-25
Shane Pinto,C,70.0,3750000.0,2.0,2024-25
Frank Vatrano,C,81.0,3650000.0,3.0,2022-23
Barclay Goodrow,C,77.0,3641667.0,6.0,2021-22
Sean Walker,D,82.0,3600000.0,5.0,2024-25
Oliver Ekman-Larsson,D,77.0,3500000.0,4.0,2024-25
David Savard,D,75.0,3500000.0,4.0,2021-22
Scott Mayfield,D,66.0,3500000.0,7.0,2023-24
Alexander Kerfoot,C,81.0,3500000.0,2.0,2023-24
Anthony Duclair,C,44.0,3500000.0,4.0,2024-25
Anthony Mantha,R,13.0,3500000.0,1.0,2024-25
Warren Foegele,L,82.0,3500000.0,3.0,2024-25
Yakov Trenin,C,76.0,3500000.0,4.0,2024-25
Thomas Novak,C,54.0,3500000.0,3.0,2024-25
Brandon Tanev,L,79.0,3500000.0,6.0,2019-20
Eeli Tolvanen,R,81.0,3475000.0,2.0,2024-25
Gabriel Vilardi,C,71.0,3437500.0,2.0,2023-24
Matias Maccelli,L,55.0,3425000.0,3.0,2023-24
Justin Holl,D,73.0,3400000.0,3.0,2023-24
Joel Armia,R,81.0,3400000.0,4.0,2021-22
Jake Walman,D,65.0,3400000.0,3.0,2023-24
Jonas Siegenthaler,D,55.0,3400000.0,5.0,2023-24
Aliaksei Protas,C,76.0,3375000.0,5.0,2024-25
Janis Jrme Moser,D,54.0,3375000.0,2.0,2024-25
Kirby Dach,C,57.0,3362500.0,4.0,2022-23
Connor Clifton,D,73.0,3333333.0,3.0,2023-24
Mario Ferraro,D,78.0,3250000.0,4.0,2022-23
Ilya Lyubushkin,D,80.0,3250000.0,3.0,2024-25
Cole Perfetti,C,82.0,3250000.0,2.0,2024-25
Adam Lowry,C,73.0,3250000.0,5.0,2021-22
Radek Faksa,C,70.0,3250000.0,5.0,2020-21
Cody Ceci,D,85.0,3250000.0,4.0,2021-22
Carson Soucy,D,75.0,3250000.0,3.0,2023-24
Dakota Joshua,L,57.0,3250000.0,4.0,2024-25
Shayne Gostisbehere,D,70.0,3200000.0,3.0,2024-25
Michael Rasmussen,C,77.0,3200000.0,4.0,2024-25
Gustav Nyquist,C,79.0,3185000.0,2.0,2023-24
Brian Dumoulin,D,80.0,3150000.0,2.0,2023-24
Erik Haula,L,69.0,3150000.0,3.0,2023-24
Nick Paul,L,76.0,3150000.0,7.0,2022-23
Ian Cole,D,82.0,3100000.0,1.0,2024-25
Henri Jokiharju,D,60.0,3100000.0,1.0,2024-25
Yegor Sharangovich,C,73.0,3100000.0,2.0,2023-24
Jordan Martinook,C,79.0,3050000.0,3.0,2024-25
Adam Henrique,C,81.0,3000000.0,2.0,2024-25
Matt Duchene,C,82.0,3000000.0,1.0,2024-25
Tyler Myers,D,71.0,3000000.0,3.0,2024-25
Jeff Skinner,C,72.0,3000000.0,1.0,2024-25
Scott Laughton,C,80.0,3000000.0,5.0,2021-22
Olli Maatta,D,77.0,3000000.0,2.0,2023-24
Trevor van Riemsdyk,D,82.0,3000000.0,3.0,2023-24
Evan Rodrigues,C,82.0,3000000.0,4.0,2023-24
Jordan Greenway,L,34.0,3000000.0,3.0,2022-23
Nicolas Roy,C,71.0,3000000.0,5.0,2022-23
Jalen Chatfield,D,79.0,3000000.0,3.0,2024-25
Timothy Liljegren,D,68.0,3000000.0,2.0,2024-25
Eetu Luostarinen,C,80.0,3000000.0,3.0,2024-25
Pierre Engvall,L,62.0,3000000.0,7.0,2023-24
Mathieu Joseph,R,60.0,2950000.0,4.0,2022-23
Jordan Staal,C,75.0,2900000.0,4.0,2023-24
Alex Newhook,C,82.0,2900000.0,4.0,2023-24
Colton Sissons,C,72.0,2857143.0,7.0,2019-20
Brayden McNabb,D,82.0,2850000.0,3.0,2022-23
Jack Roslovic,C,81.0,2800000.0,1.0,2024-25
Luke Schenn,D,76.0,2750000.0,3.0,2023-24
Stefan Noesen,R,78.0,2750000.0,3.0,2024-25
Brock McGinn,L,26.0,2750000.0,4.0,2021-22
Matt Grzelcyk,D,82.0,2750000.0,1.0,2024-25
Brett Kulak,D,82.0,2750000.0,4.0,2022-23
Luke Kunin,C,75.0,2750000.0,1.0,2024-25
Andrew Peeke,D,76.0,2750000.0,3.0,2023-24
Jan Rutta,D,54.0,2750000.0,3.0,2022-23
Zach Whitecloud,D,74.0,2750000.0,6.0,2022-23
Nick Seeler,D,77.0,2700000.0,4.0,2024-25
William Borgen,D,84.0,2700000.0,2.0,2023-24
Martin Fehervary,D,81.0,2675000.0,3.0,2023-24
Tanner Jeannot,L,67.0,2665000.0,2.0,2023-24
Barrett Hayton,C,82.0,2650000.0,2.0,2024-25
Noah Cates,L,78.0,2625000.0,2.0,2023-24
Michael Amadio,C,72.0,2600000.0,3.0,2024-25
Casey Cizikas,C,82.0,2500000.0,6.0,2021-22
Sean Kuraly,C,82.0,2500000.0,4.0,2021-22
Jonathan Drouin,L,43.0,2500000.0,1.0,2024-25
Miles Wood,L,37.0,2500000.0,6.0,2023-24
Tucker Poolman,D,0.0,2500000.0,4.0,2021-22
Niko Mikkola,D,76.0,2500000.0,3.0,2023-24
Dante Fabbro,D,68.0,2500000.0,1.0,2024-25
Cody Glass,C,65.0,2500000.0,2.0,2023-24
Alexander Romanov,D,64.0,2500000.0,3.0,2022-23
Lars Eller,C,80.0,2450000.0,2.0,2023-24
Jacob Middleton,D,67.0,2450000.0,3.0,2022-23
Jesper Fast,R,0.0,2400000.0,2.0,2023-24
David Kampf,C,59.0,2400000.0,4.0,2023-24
Kaapo Kakko,R,79.0,2400000.0,1.0,2024-25
Garnet Hathaway,R,67.0,2375000.0,2.0,2023-24
Alexis Lafreniere,R,82.0,2325000.0,2.0,2023-24
Jamie Drysdale,D,70.0,2300000.0,3.0,2023-24
Trent Frederic,C,58.0,2300000.0,2.0,2023-24
Nicolas Hague,D,68.0,2294150.0,3.0,2022-23
Dylan Holloway,C,77.0,2290457.0,2.0,2024-25
Philipp Kurashev,C,51.0,2250000.0,2.0,2023-24
Cole Sillinger,C,66.0,2250000.0,2.0,2024-25
Evgenii Dadonov,R,80.0,2250000.0,2.0,2023-24
Danton Heinen,L,79.0,2250000.0,2.0,2024-25
Braden Schneider,D,80.0,2200000.0,2.0,2024-25
Mason Appleton,C,71.0,2166667.0,3.0,2022-23
Nick Bjugstad,C,66.0,2100000.0,2.0,2023-24
Calle Jarnkrok,C,19.0,2100000.0,4.0,2022-23
Frederick Gaudreau,C,82.0,2100000.0,5.0,2023-24
Morgan Frost,C,81.0,2100000.0,2.0,2023-24
Alexandre Texier,C,31.0,2100000.0,2.0,2024-25
Ryan McLeod,C,79.0,2100000.0,2.0,2023-24
Connor McMichael,C,82.0,2100000.0,2.0,2024-25
Yegor Chinakhov,C,30.0,2100000.0,2.0,2024-25
Klim Kostin,R,35.0,2000000.0,2.0,2023-24
Morgan Geekie,C,77.0,2000000.0,2.0,2023-24
Nico Sturm,C,62.0,2000000.0,3.0,2022-23
Marcus Johansson,C,72.0,2000000.0,2.0,2023-24
Vladislav Namestnikov,C,78.0,2000000.0,2.0,2023-24
Erik Gustafsson,D,60.0,2000000.0,2.0,2024-25
William Carrier,L,43.0,2000000.0,6.0,2024-25
Ryan Donato,C,80.0,2000000.0,2.0,2023-24
Sam Lafferty,C,60.0,2000000.0,2.0,2024-25
Jeremy Lauzon,D,28.0,2000000.0,4.0,2022-23
Kevin Stenlund,C,82.0,2000000.0,2.0,2024-25
Noel Acciari,C,79.0,2000000.0,3.0,2023-24
Ryan Lomberg,L,80.0,2000000.0,2.0,2024-25
Vincent Desharnais,D,51.0,2000000.0,2.0,2024-25
Juuso Valimaki,D,43.0,2000000.0,2.0,2024-25
Sonny Milano,L,3.0,1900000.0,3.0,2023-24
Brett Howden,C,80.0,1900000.0,2.0,2023-24
Ryan Poehling,C,68.0,1900000.0,2.0,2024-25
Blake Lizotte,C,59.0,1850000.0,2.0,2024-25
Brandon Duhaime,R,82.0,1850000.0,2.0,2024-25
Pavel Dorofeyev,L,82.0,1835000.0,2.0,2024-25
Kent Johnson,L,68.0,1800000.0,3.0,2024-25
Tomas Tatar,L,74.0,1800000.0,1.0,2024-25
Teddy Blueger,C,82.0,1800000.0,2.0,2024-25
Carl Grundstrom,L,56.0,1800000.0,2.0,2024-25
John Klingberg,D,11.0,1755056.0,1.0,2024-25
Nicolas Deslauriers,L,31.0,1750000.0,4.0,2022-23
Jake Bean,D,64.0,1750000.0,2.0,2024-25
Jack Drury,C,72.0,1725000.0,2.0,2024-25
Yegor Zamula,D,63.0,1700000.0,2.0,2024-25
Jake Evans,C,82.0,1700000.0,3.0,2022-23
Pius Suter,C,81.0,1600000.0,2.0,2023-24
Cameron York,D,66.0,1600000.0,2.0,2023-24
Jack McBain,C,82.0,1599999.0,2.0,2023-24
Isac Lundestrom,C,79.0,1500000.0,1.0,2024-25
Kiefer Sherwood,C,78.0,1500000.0,2.0,2024-25
Bobby Brink,R,79.0,1500000.0,2.0,2024-25
Jordan Spence,D,79.0,1500000.0,2.0,2024-25
Derek Forbort,D,54.0,1500000.0,1.0,2024-25
Brandon Saad,L,72.0,1500000.0,1.0,2024-25
Colin Miller,D,60.0,1500000.0,2.0,2024-25
Oskar Sundqvist,C,67.0,1500000.0,2.0,2024-25
Nicolas Aube-Kubel,R,22.0,1500000.0,1.0,2024-25
Jani Hakanpaa,D,2.0,1470000.0,1.0,2024-25
Mattias Janmark,C,80.0,1450000.0,3.0,2024-25
Fabian Zetterlund,L,84.0,1450000.0,2.0,2023-24
Peyton Krebs,C,81.0,1450000.0,2.0,2024-25
Dylan Samberg,D,60.0,1400000.0,2.0,2023-24
Jordan Harris,D,33.0,1400000.0,2.0,2023-24
Michael Kesselring,D,82.0,1400000.0,2.0,2024-25
Keegan Kolesar,R,82.0,1400000.0,3.0,2022-23
Ryan Reaves,R,35.0,1350000.0,3.0,2023-24
Nathan Bastian,R,59.0,1350000.0,2.0,2023-24
Beck Malenstyn,L,76.0,1350000.0,2.0,2024-25
Morgan Barron,C,74.0,1350000.0,2.0,2023-24
Simon Benoit,D,78.0,1350000.0,3.0,2024-25
Bobby McMann,C,74.0,1350000.0,2.0,2024-25
Ty Dellandrea,C,68.0,1300000.0,2.0,2024-25
Arber Xhekaj,D,70.0,1300000.0,2.0,2024-25
Pat Maroon,L,68.0,1300000.0,1.0,2024-25
Nic Dowd,C,82.0,1300000.0,3.0,2022-23
Kevin Rooney,C,70.0,1300000.0,1.0,2024-25
Zach Bogosian,D,81.0,1250000.0,2.0,2024-25
Mike Reilly,D,18.0,1250000.0,1.0,2024-25
Anthony Beauvillier,C,81.0,1250000.0,1.0,2024-25
Logan Stanley,D,63.0,1250000.0,2.0,2024-25
Alexei Toropchenko,R,80.0,1250000.0,2.0,2023-24
Nils Lundkvist,D,39.0,1250000.0,1.0,2024-25
Daniil Miromanov,D,44.0,1250000.0,2.0,2024-25
Lukas Reichel,C,70.0,1200000.0,2.0,2024-25
Jon Merrill,D,70.0,1200000.0,3.0,2022-23
Sam Steel,C,79.0,1200000.0,1.0,2024-25
Connor Dewar,C,48.0,1180000.0,1.0,2024-25
Justin Barron,D,62.0,1150000.0,2.0,2024-25
Corey Perry,R,81.0,1150000.0,1.0,2024-25
Dmitry Kulikov,D,70.0,1150000.0,4.0,2024-25
Kurtis MacDermid,L,23.0,1150000.0,3.0,2024-25
Christian Fischer,R,46.0,1125000.0,1.0,2024-25
Nicklaus Perbix,D,74.0,1125000.0,2.0,2023-24
Conor Timmins,D,68.0,1100000.0,2.0,2023-24
Mathieu Olivier,R,82.0,1100000.0,2.0,2023-24
Nils Hoglander,L,72.0,1100000.0,2.0,2023-24
Justin Danforth,R,61.0,1100000.0,1.0,2024-25
Travis Hamonic,D,59.0,1100000.0,2.0,2023-24
Ross Johnston,L,43.0,1100000.0,4.0,2022-23
Kyle Burroughs,D,33.0,1100000.0,3.0,2023-24
Urho Vaakanainen,D,51.0,1100000.0,1.0,2024-25
Victor Olofsson,L,56.0,1075000.0,1.0,2024-25
Oliver Kylington,D,19.0,1050000.0,1.0,2024-25
Kevin Bahl,D,73.0,1050000.0,2.0,2023-24
Logan O'Connor,R,80.0,1050000.0,3.0,2022-23
Brett Leason,R,62.0,1050000.0,1.0,2024-25
Rasmus Kupari,C,59.0,1000000.0,2.0,2023-24
Martin Pospisil,C,81.0,1000000.0,2.0,2024-25
Declan Chisholm,D,66.0,1000000.0,1.0,2024-25
Vasily Podkolzin,R,82.0,1000000.0,2.0,2024-25
Henry Thrun,D,60.0,1000000.0,2.0,2024-25
Cole Smith,L,71.0,1000000.0,2.0,2024-25
Erik Johnson,D,36.0,1000000.0,1.0,2024-25
Craig Smith,C,59.0,1000000.0,1.0,2024-25
Sam Carrick,C,80.0,1000000.0,3.0,2024-25
Brendan Smith,D,32.0,1000000.0,1.0,2024-25
Connor Brown,R,82.0,1000000.0,1.0,2024-25
Liam O'Brien,L,28.0,1000000.0,3.0,2024-25
Curtis Lazar,C,48.0,1000000.0,3.0,2022-23
Kasperi Kapanen,R,67.0,1000000.0,1.0,2024-25
Andreas Englund,D,35.0,1000000.0,2.0,2023-24
Taylor Raddysh,R,80.0,1000000.0,1.0,2024-25
Ben Hutton,D,11.0,975000.0,2.0,2024-25
Darren Raddysh,D,73.0,975000.0,2.0,2024-25
Daniel Sprong,R,30.0,975000.0,1.0,2024-25
Macklin Celebrini,C,70.0,975000.0,3.0,2024-25
Artyom Levshunov,D,18.0,975000.0,3.0,2024-25
Zeev Buium,D,0.0,966500.0,3.0,2024-25
Pierre-Olivier Joseph,D,47.0,950000.0,1.0,2024-25
Ty Emberson,D,76.0,950000.0,1.0,2024-25
Juraj Slafkovsk,R,79.0,950000.0,3.0,2022-23
Logan Cooley,C,75.0,950000.0,3.0,2023-24
Cutter Gauthier,L,82.0,950000.0,3.0,2023-24
Frank Nazar,C,53.0,950000.0,3.0,2023-24
Jimmy Snuggerud,R,7.0,950000.0,3.0,2024-25
Seamus Casey,D,14.0,950000.0,3.0,2024-25
Lane Hutson,D,82.0,950000.0,3.0,2023-24
Zach Benson,L,75.0,950000.0,3.0,2023-24
Connor Bedard,C,82.0,950000.0,3.0,2023-24
Leo Carlsson,C,76.0,950000.0,3.0,2023-24
Adam Fantilli,C,82.0,950000.0,3.0,2023-24
Will Smith,C,74.0,950000.0,3.0,2024-25
Matvei Michkov,R,80.0,950000.0,3.0,2024-25
Ryan Leonard,C,9.0,950000.0,3.0,2024-25
Matthew Wood,L,6.0,950000.0,3.0,2024-25
Maxim Tsyplakov,R,77.0,950000.0,1.0,2024-25
Eric Robinson,L,82.0,950000.0,1.0,2024-25
Sam Rinzel,D,9.0,941667.0,3.0,2024-25
Collin Graf,R,33.0,941667.0,3.0,2023-24
Ivan Demidov,R,2.0,940833.0,3.0,2024-25
John Beecher,C,78.0,925000.0,3.0,2022-23
Jackson LaCombe,D,75.0,925000.0,2.0,2024-25
Drew Helleson,D,56.0,925000.0,3.0,2022-23
Dmitri Voronkov,C,73.0,925000.0,2.0,2023-24
Drew O'Connor,L,84.0,925000.0,2.0,2023-24
Sam Colangelo,R,32.0,925000.0,2.0,2023-24
Marat Khusnutdinov,C,75.0,925000.0,2.0,2023-24
Brock Faber,D,78.0,925000.0,3.0,2022-23
Mason Lohrei,D,77.0,925000.0,2.0,2023-24
Alexander Nikishin,D,0.0,925000.0,2.0,2024-25
Luke Hughes,D,71.0,925000.0,3.0,2022-23
Matt Coronato,R,77.0,925000.0,3.0,2022-23
Fyodor Svechkov,C,52.0,925000.0,3.0,2023-24
Mackie Samoskevich,R,72.0,925000.0,3.0,2022-23
Josh Doan,R,51.0,925000.0,3.0,2023-24
Matthew Knies,L,78.0,925000.0,3.0,2022-23
Oliver Kapanen,C,18.0,925000.0,3.0,2024-25
Pavel Mintyukov,D,68.0,918333.0,3.0,2023-24
Kevin Korchinski,D,16.0,918333.0,3.0,2023-24
Simon Nemec,D,27.0,918333.0,3.0,2023-24
David Jiricek,D,12.0,918333.0,3.0,2023-24
Lian Bichsel,D,38.0,918333.0,3.0,2024-25
Tyler Kleven,D,79.0,916667.0,3.0,2022-23
Wyatt Kaiser,D,57.0,916667.0,3.0,2022-23
Scott Morrow,D,14.0,916667.0,3.0,2023-24
Carter Mazur,L,1.0,905833.0,3.0,2023-24
Jackson Blake,R,80.0,905833.0,3.0,2023-24
Jacob Bryson,D,48.0,900000.0,1.0,2024-25
James van Riemsdyk,L,71.0,900000.0,1.0,2024-25
Cam Atkinson,R,39.0,900000.0,1.0,2024-25
Matt Nieto,L,32.0,900000.0,2.0,2023-24
Michael McCarron,R,74.0,900000.0,2.0,2024-25
Emil Heineman,L,62.0,897500.0,3.0,2022-23
Mikael Pyyhtia,L,47.0,897500.0,3.0,2022-23
Ryker Evans,D,73.0,897500.0,3.0,2022-23
Nikolai Kovalenko,R,57.0,896250.0,2.0,2023-24
Alexander Holtz,R,53.0,894167.0,3.0,2022-23
Shakir Mukhamadullin,D,30.0,894167.0,3.0,2022-23
Mavrik Bourque,C,73.0,894167.0,3.0,2022-23
Mason McTavish,C,76.0,894167.0,3.0,2022-23
Dylan Guenther,R,70.0,894176.0,3.0,2022-23
Wyatt Johnston,C,82.0,894167.0,3.0,2022-23
Simon Edvinsson,D,78.0,894167.0,3.0,2023-24
Jani Nyman,R,12.0,891666.0,3.0,2024-25
Conor Geekie,R,52.0,886666.0,3.0,2024-25
Matthew Savoie,C,4.0,886666.0,3.0,2024-25
Denton Mateychuk,D,44.0,886666.0,3.0,2024-25
Shane Wright,C,79.0,886666.0,3.0,2024-25
Marco Kasper,C,77.0,886666.0,3.0,2024-25
Liam hgren,L,24.0,886666.0,3.0,2024-25
Jiri Kulich,C,62.0,886666.0,3.0,2024-25
Elmer Soderblom,L,26.0,878333.0,3.0,2022-23
Nicholas Robertson,L,69.0,875000.0,1.0,2024-25
Alex Laferriere,R,77.0,875000.0,3.0,2022-23
Logan Mailloux,D,7.0,875000.0,3.0,2023-24
Thomas Bordeleau,C,1.0,874125.0,1.0,2024-25
Max Pacioretty,L,37.0,873770.0,1.0,2024-25
Emil Lilleberg,D,76.0,870000.0,2.0,2023-24
Matthew Poitras,C,33.0,870000.0,3.0,2023-24
Jayden Struble,D,56.0,867500.0,2.0,2023-24
Tristan Luneau,D,6.0,865000.0,3.0,2024-25
Jack Quinn,R,74.0,863334.0,3.0,2022-23
Marco Rossi,C,82.0,863334.0,3.0,2022-23
Kaiden Guhle,D,55.0,863334.0,3.0,2022-23
Hendrix Lapierre,C,27.0,863334.0,3.0,2022-23
Tyson Foerster,R,81.0,863334.0,3.0,2022-23
Connor Zary,C,54.0,863334.0,3.0,2022-23
Ridly Greig,C,78.0,863334.0,3.0,2022-23
Brandt Clarke,D,78.0,863334.0,3.0,2023-24
Zachary L'Heureux,L,62.0,863334.0,3.0,2023-24
Zack Bolduc,C,72.0,863334.0,3.0,2023-24
William Eklund,L,77.0,863333.0,3.0,2023-24
Tye Kartye,C,63.0,859167.0,3.0,2022-23
John-Jason Peterka,C,77.0,855834.0,3.0,2022-23
Simon Holmstrom,R,75.0,850000.0,1.0,2024-25
Sam Malinski,D,76.0,850000.0,2.0,2023-24
Uvis Balinskis,D,76.0,850000.0,2.0,2024-25
Zemgus Girgensons,C,82.0,850000.0,3.0,2024-25
A.J. Greer,L,81.0,850000.0,2.0,2024-25
Noah Gregor,L,52.0,850000.0,1.0,2024-25
Justin Sourdif,R,1.0,847500.0,3.0,2022-23
Adam Edstrom,C,51.0,846667.0,3.0,2022-23
Antonio Stranges,L,0.0,846667.0,3.0,2022-23
Ivan Ivan,C,40.0,845000.0,2.0,2024-25
Olen Zellweger,D,62.0,844167.0,3.0,2023-24
Elias Pettersson,D,28.0,838333.0,3.0,2024-25
Aatu Rty,C,33.0,836667.0,3.0,2022-23
Jake Neighbours,L,82.0,835834.0,3.0,2022-23
Ozzy Wiesblatt,C,5.0,835833.0,3.0,2022-23
David Gustafsson,C,36.0,835000.0,2.0,2024-25
Mark Kastelic,C,61.0,835000.0,2.0,2023-24
Danil Gushchin,L,12.0,828334.0,3.0,2022-23
Will Cuylle,L,82.0,828333.0,3.0,2022-23
Donovan Sebrango,D,2.0,828333.0,3.0,2022-23
Jack Thompson,D,31.0,828333.0,3.0,2022-23
Alexander Alexeyev,D,8.0,825000.0,2.0,2023-24
Jonatan Berggren,R,75.0,825000.0,1.0,2024-25
Parker Kelly,L,80.0,825000.0,2.0,2024-25
Philip Tomasino,C,61.0,825000.0,1.0,2024-25
Arthur Kaliyev,R,14.0,825000.0,1.0,2024-25
Kaedan Korczak,D,40.0,825000.0,2.0,2024-25
Nils Aman,C,19.0,825000.0,2.0,2024-25
Nolan Allan,D,43.0,825000.0,3.0,2023-24
Dennis Gilbert,D,29.0,825000.0,1.0,2024-25
Matt Rempe,R,42.0,820000.0,3.0,2022-23
Fraser Minten,C,21.0,816666.0,3.0,2024-25
Logan Stankoven,C,78.0,814167.0,3.0,2023-24
Zachary Jones,D,46.0,812500.0,2.0,2023-24
Nikita Prishchepov,C,10.0,806667.0,3.0,2024-25
Samuel Helenius,C,50.0,805833.0,3.0,2023-24
Jacob Bernard-Docker,D,40.0,805000.0,2.0,2023-24
Pontus Holmberg,C,68.0,800000.0,2.0,2023-24
Tyler Tucker,D,38.0,800000.0,2.0,2023-24
Jakob Pelletier,L,48.0,800000.0,1.0,2024-25
Cole Schwindt,R,42.0,800000.0,1.0,2024-25
Mitchell Chaffee,R,66.0,800000.0,2.0,2024-25
Matthew Kessel,D,29.0,800000.0,2.0,2024-25
Trevor Lewis,C,60.0,800000.0,1.0,2024-25
Calvin de Haan,D,47.0,800000.0,1.0,2024-25
Nick Cousins,C,50.0,800000.0,1.0,2024-25
Mark Jankowski,C,60.0,800000.0,2.0,2024-25
Jimmy Vesey,L,43.0,800000.0,2.0,2023-24
Nate Schmidt,D,80.0,800000.0,1.0,2024-25
Tyler Motte,C,55.0,800000.0,1.0,2024-25
Luke Glendening,C,77.0,800000.0,2.0,2023-24
Parker Wotherspoon,D,55.0,800000.0,1.0,2024-25
Michael Eyssimont,C,77.0,800000.0,2.0,2023-24
Luke Evangelista,R,68.0,797500.0,3.0,2022-23
Jakub Lauko,C,56.0,787500.0,2.0,2023-24
Jonny Brodzinski,C,51.0,787500.0,2.0,2024-25
Jansen Harkins,C,62.0,787500.0,2.0,2024-25
Joel Hanley,D,53.0,787500.0,2.0,2023-24
Troy Stecher,D,66.0,787500.0,2.0,2024-25
Ryan Suter,D,82.0,775000.0,1.0,2024-25
Jack Johnson,D,41.0,775000.0,1.0,2024-25
Robert Bortuzzo,D,17.0,775000.0,1.0,2024-25
Matt Martin,L,32.0,775000.0,1.0,2024-25
Dylan McIlrath,D,17.0,775000.0,2.0,2023-24
Austin Watson,R,13.0,775000.0,1.0,2024-25
Alexander Petrovic,D,5.0,775000.0,2.0,2024-25
Justin Dowling,C,52.0,775000.0,2.0,2023-24
Tanner Pearson,L,78.0,775000.0,1.0,2024-25
Dominic Toninato,C,5.0,775000.0,2.0,2023-24
John Hayden,R,20.0,775000.0,1.0,2024-25
Hudson Fasching,R,40.0,775000.0,2.0,2023-24
Nathan Walker,L,73.0,775000.0,2.0,2024-25
Jordan Oesterle,D,37.0,775000.0,2.0,2024-25
Tomas Nosek,L,59.0,775000.0,1.0,2024-25
Haydn Fleury,D,39.0,775000.0,1.0,2024-25
Jakub Vrana,L,39.0,775000.0,1.0,2024-25
Tony DeAngelo,D,35.0,775000.0,1.0,2024-25
Justin Kirkland,C,21.0,775000.0,1.0,2024-25
Noah Juulsen,D,35.0,775000.0,2.0,2023-24
Mitchell Stephens,C,28.0,775000.0,2.0,2024-25
Ryan Shea,D,39.0,775000.0,1.0,2024-25
Adam Gaudette,C,81.0,775000.0,1.0,2024-25
Steven Lorentz,C,80.0,775000.0,1.0,2024-25
Dryden Hunt,L,5.0,775000.0,2.0,2023-24
Kevin Labanc,R,34.0,775000.0,1.0,2024-25
Tyson Jost,C,39.0,775000.0,1.0,2024-25
Josh Mahura,D,64.0,775000.0,1.0,2024-25
Keaton Middleton,D,41.0,775000.0,2.0,2023-24
Jacob Moverare,D,49.0,775000.0,2.0,2024-25
Rodrigo Abols,C,22.0,775000.0,1.0,2024-25
Michael Carcone,C,53.0,775000.0,2.0,2023-24
Zach Aston-Reese,C,79.0,775000.0,1.0,2024-25
Jesper Boqvist,C,78.0,775000.0,1.0,2024-25
Jonah Gadjovich,L,42.0,775000.0,2.0,2024-25
Adam Boqvist,D,35.0,775000.0,1.0,2024-25
Oskar Back,C,73.0,775000.0,1.0,2024-25
Linus Karlsson,R,23.0,775000.0,1.0,2024-25
Paul Cotter,C,79.0,775000.0,3.0,2023-24
Cole Koepke,L,73.0,775000.0,1.0,2024-25
Colin Blackwell,C,63.0,775000.0,1.0,2024-25
Jake Christiansen,D,68.0,775000.0,1.0,2024-25
Brayden Pachal,D,76.0,775000.0,2.0,2023-24
Kyle MacLean,C,81.0,775000.0,3.0,2024-25
Justin Brazeau,R,76.0,775000.0,2.0,2023-24
Tye Felhaber,L,5.0,775000.0,2.0,2024-25
Joel Kiviranta,L,79.0,775000.0,1.0,2024-25
Alex Turcotte,C,68.0,775000.0,3.0,2024-25
Matthew Robertson,D,2.0,775000.0,1.0,2024-25
Albert Johansson,D,61.0,775000.0,1.0,2024-25
Juuso Parssinen,C,48.0,775000.0,1.0,2024-25
Gage Goncalves,C,60.0,775000.0,1.0,2024-25
Louis Crevier,D,32.0,775000.0,1.0,2024-25
Matt Kiersted,D,2.0,775000.0,1.0,2024-25
Nick Blankenburg,D,60.0,775000.0,2.0,2024-25
Adam Klapka,R,28.0,775000.0,1.0,2024-25
Nikolas Matinpalo,D,41.0,775000.0,1.0,2024-25
Marc Gatcomb,C,39.0,775000.0,1.0,2024-25
Johnathan Kovacevic,D,81.0,766667.0,3.0,2022-23
